{
  "model/models.js.map": 1720413652654,
  "utils/locate-reuse-libs.js": 1720363090319,
  "model/models.js": 1720363090323,
  "controller/POForm.controller.js": 1720363090331,
  "controller/App.controller.js": 1720363306213,
  "manifest.json": 1720413652455,
  "Component.js": 1720363139271,
  "model/models-dbg.js": 1720363090323,
  "i18n/i18n.properties": 1720363706508,
  "utils/locate-reuse-libs-dbg.js": 1720363090319,
  "utils/locate-reuse-libs.js.map": 1720413652712,
  "controller/POForm-dbg.controller.js": 1720363090331,
  "controller/POForm.controller.js.map": 1720413652652,
  "controller/App-dbg.controller.js": 1720363306213,
  "controller/App.controller.js.map": 1720413652702,
  "Component-dbg.js": 1720363139271,
  "Component.js.map": 1720413652693,
  "Component-preload.js": 1720413652953,
  "Component-preload.js.map": 1720413652953,
  "view/POForm.view.xml": 1720363182638,
  "view/App.view.xml": 1720413506278,
  "css/style.css": 1720363782231,
  "index.html": 1720363090315
}