{
  "utils/locate-reuse-libs.js": 1720363090319,
  "controller/POForm.controller.js": 1720363090331,
  "model/models.js": 1720363090323,
  "i18n/i18n.properties": 1720429180282,
  "controller/App.controller.js": 1720506099704,
  "manifest.json": 1720511401732,
  "Component.js": 1720511372987,
  "controller/POForm-dbg.controller.js": 1720363090331,
  "controller/POForm.controller.js.map": 1720511401891,
  "model/models-dbg.js": 1720363090323,
  "model/models.js.map": 1720511401921,
  "utils/locate-reuse-libs-dbg.js": 1720363090319,
  "utils/locate-reuse-libs.js.map": 1720511401935,
  "controller/App-dbg.controller.js": 1720506099704,
  "controller/App.controller.js.map": 1720511401935,
  "Component-dbg.js": 1720511372987,
  "Component.js.map": 1720511401923,
  "Component-preload.js": 1720511402163,
  "Component-preload.js.map": 1720511402163,
  "view/POForm.view.xml": 1720363182638,
  "view/App.view.xml": 1720506410551,
  "css/style.css": 1720363782231,
  "index.html": 1720363090315
}