{
  "Component-preload.js": 1720772053149,
  "model/models.js": 1720600720024,
  "utils/locate-reuse-libs.js": 1720600720024,
  "controller/POForm.controller.js": 1720600720024,
  "controller/App.controller.js": 1720772023330,
  "manifest.json": 1720772052589,
  "Component.js": 1720764349283,
  "model/models-dbg.js": 1720600720024,
  "model/models.js.map": 1720772052864,
  "utils/locate-reuse-libs-dbg.js": 1720600720024,
  "utils/locate-reuse-libs.js.map": 1720772052893,
  "controller/POForm-dbg.controller.js": 1720600720024,
  "controller/POForm.controller.js.map": 1720772052863,
  "controller/App-dbg.controller.js": 1720772023330,
  "controller/App.controller.js.map": 1720772052897,
  "Component-dbg.js": 1720764349283,
  "Component.js.map": 1720772052893,
  "i18n/i18n.properties": 1720763507682,
  "Component-preload.js.map": 1720772053149,
  "view/POForm.view.xml": 1720600720024,
  "view/App.view.xml": 1720771663678,
  "css/style.css": 1720692450635,
  "index.html": 1720600720024
}