{
  "controller/App.controller.js.map": 1720609065026,
  "model/models.js": 1720600720024,
  "utils/locate-reuse-libs.js": 1720600720024,
  "controller/POForm.controller.js": 1720600720024,
  "controller/App.controller.js": 1720600720024,
  "manifest.json": 1720609064767,
  "Component.js": 1720600720024,
  "Component-dbg.js": 1720600720024,
  "Component.js.map": 1720609065036,
  "utils/locate-reuse-libs-dbg.js": 1720600720024,
  "utils/locate-reuse-libs.js.map": 1720609065037,
  "controller/POForm-dbg.controller.js": 1720600720024,
  "controller/POForm.controller.js.map": 1720609065013,
  "controller/App-dbg.controller.js": 1720600720024,
  "i18n/i18n.properties": 1720600720024,
  "model/models-dbg.js": 1720600720024,
  "model/models.js.map": 1720609065019,
  "Component-preload.js": 1720609065284,
  "Component-preload.js.map": 1720609065284,
  "view/POForm.view.xml": 1720600720024,
  "view/App.view.xml": 1720600720024,
  "css/style.css": 1720600720024,
  "index.html": 1720600720024
}