{
  "Component.js.map": 1720701603427,
  "utils/locate-reuse-libs.js": 1720600720024,
  "model/models.js": 1720600720024,
  "controller/POForm.controller.js": 1720600720024,
  "controller/App.controller.js": 1720701516014,
  "manifest.json": 1720701602140,
  "Component.js": 1720699800116,
  "model/models-dbg.js": 1720600720024,
  "model/models.js.map": 1720701603217,
  "utils/locate-reuse-libs-dbg.js": 1720600720024,
  "utils/locate-reuse-libs.js.map": 1720701603422,
  "controller/POForm-dbg.controller.js": 1720600720024,
  "controller/POForm.controller.js.map": 1720701603229,
  "controller/App-dbg.controller.js": 1720701516014,
  "controller/App.controller.js.map": 1720701603426,
  "Component-dbg.js": 1720699800116,
  "i18n/i18n.properties": 1720694869329,
  "Component-preload.js": 1720701604355,
  "Component-preload.js.map": 1720701604355,
  "view/POForm.view.xml": 1720600720024,
  "view/App.view.xml": 1720700319843,
  "css/style.css": 1720692450635,
  "index.html": 1720600720024
}