{
  "model/models.js.map": 1720791028997,
  "utils/locate-reuse-libs.js": 1720600720024,
  "model/models.js": 1720600720024,
  "controller/POForm.controller.js": 1720600720024,
  "controller/App.controller.js": 1720784545692,
  "manifest.json": 1720791028839,
  "Component.js": 1720791005354,
  "controller/POForm-dbg.controller.js": 1720600720024,
  "controller/POForm.controller.js.map": 1720791028991,
  "model/models-dbg.js": 1720600720024,
  "i18n/i18n.properties": 1720763507682,
  "utils/locate-reuse-libs-dbg.js": 1720600720024,
  "utils/locate-reuse-libs.js.map": 1720791029009,
  "controller/App-dbg.controller.js": 1720784545692,
  "controller/App.controller.js.map": 1720791029015,
  "Component-dbg.js": 1720791005354,
  "Component.js.map": 1720791029014,
  "Component-preload.js": 1720791029105,
  "Component-preload.js.map": 1720791029105,
  "view/POForm.view.xml": 1720600720024,
  "view/App.view.xml": 1720790750063,
  "css/style.css": 1720692450635,
  "index.html": 1720600720024
}