{
  "view/POForm.view.xml": 1720363182638,
  "controller/POForm.controller.js": 1720363090331,
  "model/models.js": 1720363090323,
  "utils/locate-reuse-libs.js": 1720363090319,
  "controller/App.controller.js": 1720522298705,
  "manifest.json": 1720525176460,
  "Component.js": 1720525149274,
  "controller/App-dbg.controller.js": 1720522298705,
  "controller/App.controller.js.map": 1720525176635,
  "model/models-dbg.js": 1720363090323,
  "model/models.js.map": 1720525176625,
  "utils/locate-reuse-libs-dbg.js": 1720363090319,
  "utils/locate-reuse-libs.js.map": 1720525176642,
  "controller/POForm-dbg.controller.js": 1720363090331,
  "controller/POForm.controller.js.map": 1720525176625,
  "Component-dbg.js": 1720525149274,
  "Component.js.map": 1720525176644,
  "Component-preload.js": 1720525176739,
  "Component-preload.js.map": 1720525176739,
  "i18n/i18n.properties": 1720524562968,
  "view/App.view.xml": 1720523857834,
  "css/style.css": 1720363782231,
  "index.html": 1720363090315
}